<?xml version="1.0" encoding="UTF-8"?>
<!-- Elemento raiz del documento -->
<biblioteca>
  <!-- usuarios representa la lista de usuarios. Contiene uno o mas usuario -->
	<usuarios>
		<!-- El elemento usuario representa los datos de un usuario -->
		<usuario id="paco" nombre="Pako Makako" />
	</usuarios>
	<!-- tarjetas es la lista de tarjetas contiene una o mas tarjeta -->
	<tarjetas>
		<!-- El elemento tarjeta representa la información de una tarjeta -->
		<!-- usuario contiene el nombre del usuario al que pertenece la tarjeta -->
		<tarjeta usuario="paco">
			<!-- fila contiene las celdas de una fila de la tarjeta de claves -->
			<fila>
				<!-- celda contiene una clave -->
				<celda>345</celda>
				<celda>571</celda>
				<celda>705</celda>
				<celda>898</celda>
				<celda>932</celda>
			</fila>
			<fila>
				<celda>196</celda>
				<celda>372</celda>
				<celda>507</celda>
				<celda>784</celda>
				<celda>968</celda>
			</fila>
			<fila>
				<celda>161</celda>
				<celda>180</celda>
				<celda>308</celda>
				<celda>874</celda>
				<celda>989</celda>
			</fila>
		</tarjeta>
	</tarjetas>
	<!-- clientes contiene la lista de clientes (cero o mas cliente) -->
	<clientes>
		<!-- cliente representa la información de un cliente -->
		<!-- El atributo usuario contiene el nombre del usuario al que pertenece el cliente -->
		<cliente usuario="paco">
			<!-- nombre contiene el nombre de pila del cliente -->
			<nombre>Juan Carlos</nombre>
			<!-- apellidos contiene los apellidos del cliente -->
			<apellidos>Contreras Gomez</apellidos>
			<!-- dni contiene el DNI del cliente -->
			<dni>11294752G</dni>
			<!-- edad contiene la edad del cliente -->
			<edad>36</edad>
		</cliente>
		<cliente usuario="paco">
			<nombre>Maria del Carmen</nombre>
			<apellidos>Herrera Iglesias</apellidos>
			<dni>48129735G</dni>
			<edad>65</edad>
		</cliente>
		<cliente usuario="paco">
			<nombre>Diego</nombre>
			<apellidos>Jimenez Lopez</apellidos>
			<edad>21</edad>
			<dni>76211879E</dni>
		</cliente>
	</clientes>
</biblioteca>
